{
  "project_info": {
    "project_number": "753201049469",
    "firebase_url": "https://revmeup-ecb05.firebaseio.com",
    "project_id": "revmeup-ecb05",
    "storage_bucket": "revmeup-ecb05.appspot.com"
  },
  "client": [
    {
      "client_info": {
        "mobilesdk_app_id": "1:753201049469:android:c83fe3c3986e1509602614",
        "android_client_info": {
          "package_name": "in.revmeup.revmeup"
        }
      },
      "oauth_client": [
        {
          "client_id": "753201049469-s91pkkqfo8cel0raknj1jc8vca6h3f9b.apps.googleusercontent.com",
          "client_type": 3
        }
      ],
      "api_key": [
        {
          "current_key": "AIzaSyANYUhUempOYmrelTSkxZbvxUKZEa88S8Y"
        }
      ],
      "services": {
        "appinvite_service": {
          "other_platform_oauth_client": [
            {
              "client_id": "753201049469-s91pkkqfo8cel0raknj1jc8vca6h3f9b.apps.googleusercontent.com",
              "client_type": 3
            }
          ]
        }
      }
    }
  ],
  "configuration_version": "1"
}